{	
	"paragrafo_1" : "O conteúdo que você pretende visualizar é exclusivo.",
	"paragrafo_2" : "Se você é jornalista, e quer conferir a veracidade de nossas fontes, acha que a pauta é apropriada para repostar o conteúdo investigativo, ou ficou curioso em descobrir se conhece os personagens da investigação, obtenha acesso ao conteúdo exclusivo desta investigação clicando no link abaixo, ou digite no seu navegador:",
	"link_mercado_pago" : "https://mpago.la/17PrCqc",
	"paragrafo_3" : "se ficar com dúvidas converse conosco através do chat",
	"link_chat" : "https://tawk.to/chat/63f817744247f20fefe251e5/1gq0hn89q",
	"pacote" : ["Nome completo do investigado, Imagens originais (sem desfoque), Última localização, Logs diversos, Diretorios categorizados com imagens das fontes, Arquivo full zip, Relatório em PDF, Relatório em JSON (deve ser importado no mindmap)"]
}